[
  {
    "id": 6,
    "date": "March 30, 2023",
    "version":"1.1.4",
    "fixed": [
        "NPM Deps errors"
    ],
    "updated": [
      "Replaced react-sortable-hoc with @dnd-kit"
    ]
  },
  {
    "id": 5,
    "date": "January 09, 2023",
    "version":"1.1.3",
    "fixed": [
        "Eslint issue fix"
    ],
    "updated": [
        "Node Sass package updated"
    ]
  },
  {
    "id": 4,
    "date": "December 27, 2022",
    "version":"1.1.2",
    "new": [
        "Another 3 demo added"
    ],
    "updated": [
        "Header top icon"
    ]
  },
  {
    "id": 3,
    "date": "December 26, 2022",
    "version":"1.1.1",
    "new": [
        "3 new demo added"
    ],
    "fixed": [
        "simple style fix"
    ]
  },
  {
    "id": 2,
    "date": "December 25, 2022",
    "version":"1.1.0",
    "new": [
        "3 new demo added"
    ]
  },
  {
    "id": 1,
    "date": "December 19, 2022",
    "version": "1.0.0",
    "new": ["Initialize Release"]
  }
]
