[
    {
      "id": "01",
      "name": "Kellie Marquot",
      "country": "Shipment Marquot",
      "company": "Business Development",
      "position": "397",
      "status": "active",
      "date": "January 20, 2020"
    },
    {
        "id": "02",
        "name": "Robert Clinton",
        "country": "Shipment Marquot",
        "company": "Vehicle Master",
        "position": "397",
        "status": "active",
        "date": "January 20, 2020"
    },
    {
        "id": "03",
        "name": "Chris Joe",
        "country": "Shipment Marquot",
        "company": "Smart Collection",
        "position": "397",
        "status": "active",
        "date": "January 20, 2020"
    },
    {
        "id": "04",
        "name": "Jack Kalis",
        "country": "Shipment Marquot",
        "company": "Business Development",
        "position": "397",
        "status": "blocked",
        "date": "January 20, 2020"
    },
    {
        "id": "05",
        "name": "Black Smith",
        "country": "Shipment Marquot",
        "company": "Print Media",
        "position": "397",
        "status": "active",
        "date": "January 20, 2020"
    },
    {
        "id": "06",
        "name": "Aftab Ahmed",
        "country": "Shipment Marquot",
        "company": "Online Super Shop",
        "position": "397",
        "status": "deactiveted",
        "date": "January 20, 2020"
    },
    {
        "id": "07",
        "name": "Daniel White",
        "country": "Shipment Marquot",
        "company": "Business Development",
        "position": "397",
        "status": "active",
        "date": "January 20, 2020"
    },
    {
        "id": "08",
        "name": "Chris john",
        "country": "Shipment Marquot",
        "company": "Boss IT Farm",
        "position": "397",
        "status": "blocked",
        "date": "January 20, 2020"
    },
    {
        "id": "09",
        "name": "David Manal",
        "country": "Shipment Marquot",
        "company": "Business Development",
        "position": "397",
        "status": "deactiveted",
        "date": "January 20, 2020"
    }
]
  