[
  {
    "id": 1,
    "title": "Dashboard UI Project",
    "status": "early",
    "content": "Adipisicing eu magna velit est exercitation et consequat Lorem laboris nulla. Laborum exercitation minim id ea ea. Minim cillum magna excepteur laboris duis labore pariatur Lorem aute cupidatat velit sunt non. Est laborum anim aliqua in elit consequat elit elit cupidatat. Nulla excepteur laborum voluptate nisi eiusmod nostrud sit. Aute aliquip sit non consectetur laborum velit in exercitation laboris officia adipisicing deserunt. Sint laboris aute minim aliqua aute culpa laboris ad amet dolor ea Lorem sit.",
    "category": "Web Design",
    "rate": 5,
    "popular": 1,
    "percentage": 85
  },
  {
    "id": 2,
    "title": "Custom Software",
    "status": "progress",
    "content": "Adipisicing eu magna velit est exercitation et consequat Lorem laboris nulla. Laborum exercitation minim id ea ea. Minim cillum magna excepteur laboris duis labore pariatur Lorem aute cupidatat velit sunt non. Est laborum anim aliqua in elit consequat elit elit cupidatat. Nulla excepteur laborum voluptate nisi eiusmod nostrud sit. Aute aliquip sit non consectetur laborum velit in exercitation laboris officia adipisicing deserunt. Sint laboris aute minim aliqua aute culpa laboris ad amet dolor ea Lorem sit.",
    "category": "Web Development",
    "rate": 3,
    "popular": 2,
    "percentage": 38
  },
  {
    "id": 3,
    "title": "Application UI Design",
    "status": "early",
    "content": "Adipisicing eu magna velit est exercitation et consequat Lorem laboris nulla. Laborum exercitation minim id ea ea. Minim cillum magna excepteur laboris duis labore pariatur Lorem aute cupidatat velit sunt non. Est laborum anim aliqua in elit consequat elit elit cupidatat. Nulla excepteur laborum voluptate nisi eiusmod nostrud sit. Aute aliquip sit non consectetur laborum velit in exercitation laboris officia adipisicing deserunt. Sint laboris aute minim aliqua aute culpa laboris ad amet dolor ea Lorem sit.",
    "category": "Graphic Design",
    "rate": 4,
    "popular": 3,
    "percentage": 46
  },
  {
    "id": 4,
    "title": "Website Builder",
    "status": "late",
    "content": "Adipisicing eu magna velit est exercitation et consequat Lorem laboris nulla. Laborum exercitation minim id ea ea. Minim cillum magna excepteur laboris duis labore pariatur Lorem aute cupidatat velit sunt non. Est laborum anim aliqua in elit consequat elit elit cupidatat. Nulla excepteur laborum voluptate nisi eiusmod nostrud sit. Aute aliquip sit non consectetur laborum velit in exercitation laboris officia adipisicing deserunt. Sint laboris aute minim aliqua aute culpa laboris ad amet dolor ea Lorem sit.",
    "category": "Web Development",
    "rate": 5,
    "popular": 4,
    "percentage": 29
  },
  {
    "id": 5,
    "title": "Component Library",
    "status": "progress",
    "content": "Adipisicing eu magna velit est exercitation et consequat Lorem laboris nulla. Laborum exercitation minim id ea ea. Minim cillum magna excepteur laboris duis labore pariatur Lorem aute cupidatat velit sunt non. Est laborum anim aliqua in elit consequat elit elit cupidatat. Nulla excepteur laborum voluptate nisi eiusmod nostrud sit. Aute aliquip sit non consectetur laborum velit in exercitation laboris officia adipisicing deserunt. Sint laboris aute minim aliqua aute culpa laboris ad amet dolor ea Lorem sit.",
    "category": "Web Development",
    "rate": 4,
    "popular": 5,
    "percentage": 96
  },
  {
    "id": 6,
    "title": "Dashboard UI Project",
    "status": "complete",
    "content": "Adipisicing eu magna velit est exercitation et consequat Lorem laboris nulla. Laborum exercitation minim id ea ea. Minim cillum magna excepteur laboris duis labore pariatur Lorem aute cupidatat velit sunt non. Est laborum anim aliqua in elit consequat elit elit cupidatat. Nulla excepteur laborum voluptate nisi eiusmod nostrud sit. Aute aliquip sit non consectetur laborum velit in exercitation laboris officia adipisicing deserunt. Sint laboris aute minim aliqua aute culpa laboris ad amet dolor ea Lorem sit.",
    "category": "Graphic Design",
    "rate": 3,
    "popular": 6,
    "percentage": 73
  },
  {
    "id": 7,
    "title": "Custom Software",
    "status": "progress",
    "content": "Adipisicing eu magna velit est exercitation et consequat Lorem laboris nulla. Laborum exercitation minim id ea ea. Minim cillum magna excepteur laboris duis labore pariatur Lorem aute cupidatat velit sunt non. Est laborum anim aliqua in elit consequat elit elit cupidatat. Nulla excepteur laborum voluptate nisi eiusmod nostrud sit. Aute aliquip sit non consectetur laborum velit in exercitation laboris officia adipisicing deserunt. Sint laboris aute minim aliqua aute culpa laboris ad amet dolor ea Lorem sit.",
    "category": "Web Development",
    "rate": 2,
    "popular": 7,
    "percentage": 42
  },
  {
    "id": 8,
    "title": "Application UI Design",
    "status": "early",
    "content": "Adipisicing eu magna velit est exercitation et consequat Lorem laboris nulla. Laborum exercitation minim id ea ea. Minim cillum magna excepteur laboris duis labore pariatur Lorem aute cupidatat velit sunt non. Est laborum anim aliqua in elit consequat elit elit cupidatat. Nulla excepteur laborum voluptate nisi eiusmod nostrud sit. Aute aliquip sit non consectetur laborum velit in exercitation laboris officia adipisicing deserunt. Sint laboris aute minim aliqua aute culpa laboris ad amet dolor ea Lorem sit.",
    "category": "Graphic Design",
    "rate": 4,
    "popular": 8,
    "percentage": 36
  },
  {
    "id": 9,
    "title": "Website Builder",
    "status": "late",
    "content": "Adipisicing eu magna velit est exercitation et consequat Lorem laboris nulla. Laborum exercitation minim id ea ea. Minim cillum magna excepteur laboris duis labore pariatur Lorem aute cupidatat velit sunt non. Est laborum anim aliqua in elit consequat elit elit cupidatat. Nulla excepteur laborum voluptate nisi eiusmod nostrud sit. Aute aliquip sit non consectetur laborum velit in exercitation laboris officia adipisicing deserunt. Sint laboris aute minim aliqua aute culpa laboris ad amet dolor ea Lorem sit.",
    "category": "Web Development",
    "rate": 3,
    "popular": 9,
    "percentage": 82
  },
  {
    "id": 10,
    "title": "Component Library",
    "status": "progress",
    "content": "Adipisicing eu magna velit est exercitation et consequat Lorem laboris nulla. Laborum exercitation minim id ea ea. Minim cillum magna excepteur laboris duis labore pariatur Lorem aute cupidatat velit sunt non. Est laborum anim aliqua in elit consequat elit elit cupidatat. Nulla excepteur laborum voluptate nisi eiusmod nostrud sit. Aute aliquip sit non consectetur laborum velit in exercitation laboris officia adipisicing deserunt. Sint laboris aute minim aliqua aute culpa laboris ad amet dolor ea Lorem sit.",
    "category": "Web Development",
    "rate": 2,
    "popular": 10,
    "percentage": 63
  },
  {
    "id": 11,
    "title": "Dashboard UI Project",
    "status": "complete",
    "content": "Adipisicing eu magna velit est exercitation et consequat Lorem laboris nulla. Laborum exercitation minim id ea ea. Minim cillum magna excepteur laboris duis labore pariatur Lorem aute cupidatat velit sunt non. Est laborum anim aliqua in elit consequat elit elit cupidatat. Nulla excepteur laborum voluptate nisi eiusmod nostrud sit. Aute aliquip sit non consectetur laborum velit in exercitation laboris officia adipisicing deserunt. Sint laboris aute minim aliqua aute culpa laboris ad amet dolor ea Lorem sit.",
    "category": "Graphic Design",
    "rate": 1,
    "popular": 11,
    "percentage": 53
  },
  {
    "id": 12,
    "title": "Dashboard UI Project",
    "status": "early",
    "content": "Adipisicing eu magna velit est exercitation et consequat Lorem laboris nulla. Laborum exercitation minim id ea ea. Minim cillum magna excepteur laboris duis labore pariatur Lorem aute cupidatat velit sunt non. Est laborum anim aliqua in elit consequat elit elit cupidatat. Nulla excepteur laborum voluptate nisi eiusmod nostrud sit. Aute aliquip sit non consectetur laborum velit in exercitation laboris officia adipisicing deserunt. Sint laboris aute minim aliqua aute culpa laboris ad amet dolor ea Lorem sit.",
    "category": "Web Design",
    "rate": 5,
    "popular": 12,
    "percentage": 33
  }
]
