{
  "data": [
    {
      "name": "Page A",
      "uv": 4000,
      "pv": 2400,
      "amt": 2400
    },
    {
      "name": "Page B",
      "uv": 3000,
      "pv": 1398,
      "amt": 2210
    },
    {
      "name": "Page C",
      "uv": 2000,
      "pv": 9800,
      "amt": 2290
    },
    {
      "name": "Page D",
      "uv": 2780,
      "pv": 3908,
      "amt": 2000
    },
    {
      "name": "Page E",
      "uv": 1890,
      "pv": 4800,
      "amt": 2181
    },
    {
      "name": "Page F",
      "uv": 2390,
      "pv": 3800,
      "amt": 2500
    },
    {
      "name": "Page G",
      "uv": 3490,
      "pv": 4300,
      "amt": 2100
    }
  ],
  "positiveAndNegative": [
    {
      "name": "Page A",
      "uv": 4000,
      "pv": 2400,
      "amt": 2400
    },
    {
      "name": "Page B",
      "uv": -3000,
      "pv": 1398,
      "amt": 2210
    },
    {
      "name": "Page C",
      "uv": -2000,
      "pv": -9800,
      "amt": 2290
    },
    {
      "name": "Page D",
      "uv": 2780,
      "pv": 3908,
      "amt": 2000
    },
    {
      "name": "Page E",
      "uv": -1890,
      "pv": 4800,
      "amt": 2181
    },
    {
      "name": "Page F",
      "uv": 2390,
      "pv": -3800,
      "amt": 2500
    },
    {
      "name": "Page G",
      "uv": 3490,
      "pv": 4300,
      "amt": 2100
    }
  ],
  "nullChart": [
    {
      "name": "Page A",
      "uv": 4000,
      "pv": 2400,
      "amt": 2400
    },
    {
      "name": "Page B",
      "uv": 3000,
      "pv": 1398,
      "amt": 2210
    },
    {
      "name": "Page C",
      "uv": 2000,
      "pv": 9800,
      "amt": 2290
    },
    {
      "name": "Page D",
      "uv": 0,
      "pv": 0,
      "amt": 0
    },
    {
      "name": "Page E",
      "uv": 1890,
      "pv": 4800,
      "amt": 2181
    },
    {
      "name": "Page F",
      "uv": 2390,
      "pv": 3800,
      "amt": 2500
    },
    {
      "name": "Page G",
      "uv": 3490,
      "pv": 4300,
      "amt": 2100
    }
  ],
  "data01": [
    { "name": "Group A", "value": 400 },
    { "name": "Group B", "value": 300 },
    { "name": "Group C", "value": 300 },
    { "name": "Group D", "value": 200 }
  ],
  "data02": [
    { "name": "A1", "value": 100 },
    { "name": "A2", "value": 300 },
    { "name": "B1", "value": 100 },
    { "name": "B2", "value": 80 },
    { "name": "B3", "value": 40 },
    { "name": "B4", "value": 30 },
    { "name": "B5", "value": 50 },
    { "name": "C1", "value": 100 },
    { "name": "C2", "value": 200 },
    { "name": "D1", "value": 150 },
    { "name": "D2", "value": 50 }
  ],
  "radar": [
    {
      "subject": "Math",
      "A": 120,
      "B": 110,
      "fullMark": 150
    },
    {
      "subject": "Chinese",
      "A": 98,
      "B": 130,
      "fullMark": 150
    },
    {
      "subject": "English",
      "A": 86,
      "B": 130,
      "fullMark": 150
    },
    {
      "subject": "Geography",
      "A": 99,
      "B": 100,
      "fullMark": 150
    },
    {
      "subject": "Physics",
      "A": 85,
      "B": 90,
      "fullMark": 150
    },
    {
      "subject": "History",
      "A": 65,
      "B": 85,
      "fullMark": 150
    }
  ]
}
