[
    {
        "id": "01",
        "user": {
            "name": "Kellie Marquot",
            "img": "static/img/users/1.png",
            "conversations": [
                {
                    "id": 1,
                    "name": "Kellie Marquot",
                    "chat": "There are have a many variations of passages.",
                    "time": "1 hour ago",
                    "img": "static/img/users/1.png"
                },
                {
                    "id": 2,
                    "name": "Daniel Pink",
                    "chat": "There are have a many.",
                    "img": "static/img/users/5.png",
                    "time": "7 hours ago"
                },
                {
                    "id": 3,
                    "name": "Kellie Marquot",
                    "chat": "TAll the Lorem Ipsum generators on the Internet tend There are have a many variations of passages.",
                    "img": "static/img/users/1.png",
                    "time": "1 day ago"
                }
            ]
        },
        "email": "Kellie@mail.com",
        "subject": "Need to help for adding new contact",
        "priority": "High",
        "description": "lorem ipsum dollar site emmeit.......",
        "status": "open",
        "createAt": "01-20-2022"
    },
    {
        "id": "02",
        "user": {
            "name": "Robert Clinton",
            "img": "static/img/users/2.png",
            "conversations": [
                {
                    "id": 1,
                    "name": "Robert Clinton",
                    "chat": "There are have a many variations of passages.",
                    "time": "1 hour ago",
                    "img": "static/img/users/1.png"
                },
                {
                    "id": 2,
                    "name": "Daniel Pink",
                    "chat": "There are have a many.",
                    "img": "static/img/users/5.png",
                    "time": "7 hours ago"
                },
                {
                    "id": 3,
                    "name": "Robert Clinton",
                    "chat": "TAll the Lorem Ipsum generators on the Internet tend There are have a many variations of passages.",
                    "img": "static/img/users/1.png",
                    "time": "1 day ago"
                }
            ]
        },
        "subject": "Need to help for adding new contact",
        "priority": "Low",
        "description": "lorem ipsum dollar site emmeit.......",
        "status": "pending",
        "createAt": "01-20-2022",
        "email": "robert@mail.com"
    },
    {
        "id": "03",
        "user": {
            "name": "Chris Joe",
            "img": "static/img/users/3.png",
            "conversations": [
                {
                    "id": 1,
                    "name": "Chris Joe",
                    "chat": "There are have a many variations of passages.",
                    "time": "1 hour ago",
                    "img": "static/img/users/1.png"
                },
                {
                    "id": 2,
                    "name": "Daniel Pink",
                    "chat": "There are have a many.",
                    "img": "static/img/users/5.png",
                    "time": "7 hours ago"
                },
                {
                    "id": 3,
                    "name": "Chris Joe",
                    "chat": "TAll the Lorem Ipsum generators on the Internet tend There are have a many variations of passages.",
                    "img": "static/img/users/1.png",
                    "time": "1 day ago"
                }
            ]
        },
        "subject": "I Want to know payment method",
        "priority": "High",
        "description": "lorem ipsum dollar site emmet.......",
        "status": "close",
        "createAt": "01-20-2022",
        "email": "chris@mail.com"
    },
    {
        "id": "04",
        "user": {
            "name": "Chris Joe",
            "img": "static/img/users/3.png",
            "conversations": [
                {
                    "id": 1,
                    "name": "Chris Joe",
                    "chat": "There are have a many variations of passages.",
                    "time": "1 hour ago",
                    "img": "static/img/users/1.png"
                },
                {
                    "id": 2,
                    "name": "Daniel Pink",
                    "chat": "There are have a many.",
                    "img": "static/img/users/5.png",
                    "time": "7 hours ago"
                },
                {
                    "id": 3,
                    "name": "Chris Joe",
                    "chat": "TAll the Lorem Ipsum generators on the Internet tend There are have a many variations of passages.",
                    "img": "static/img/users/1.png",
                    "time": "1 day ago"
                }
            ]
        },
        "subject": "I Want to know payment method",
        "priority": "High",
        "description": "lorem ipsum dollar site emmet.......",
        "status": "close",
        "createAt": "01-20-2022",
        "email": "chris@mail.com"
    },
    {
        "id": "05",
        "user": {
            "name": "Chris Joe",
            "img": "static/img/users/3.png",
            "conversations": [
                {
                    "id": 1,
                    "name": "Chris Joe",
                    "chat": "There are have a many variations of passages.",
                    "time": "1 hour ago",
                    "img": "static/img/users/1.png"
                },
                {
                    "id": 2,
                    "name": "Daniel Pink",
                    "chat": "There are have a many.",
                    "img": "static/img/users/5.png",
                    "time": "7 hours ago"
                },
                {
                    "id": 3,
                    "name": "Chris Joe",
                    "chat": "TAll the Lorem Ipsum generators on the Internet tend There are have a many variations of passages.",
                    "img": "static/img/users/1.png",
                    "time": "1 day ago"
                }
            ]
        },
        "subject": "I Want to know payment method",
        "priority": "High",
        "description": "lorem ipsum dollar site emmet.......",
        "status": "close",
        "createAt": "01-20-2022",
        "email": "chris@mail.com"
    },
    {
        "id": "06",
        "user": {
            "name": "Chris Joe",
            "img": "static/img/users/3.png",
            "conversations": [
                {
                    "id": 1,
                    "name": "Chris Joe",
                    "chat": "There are have a many variations of passages.",
                    "time": "1 hour ago",
                    "img": "static/img/users/1.png"
                },
                {
                    "id": 2,
                    "name": "Daniel Pink",
                    "chat": "There are have a many.",
                    "img": "static/img/users/5.png",
                    "time": "7 hours ago"
                },
                {
                    "id": 3,
                    "name": "Chris Joe",
                    "chat": "TAll the Lorem Ipsum generators on the Internet tend There are have a many variations of passages.",
                    "img": "static/img/users/1.png",
                    "time": "1 day ago"
                }
            ]
        },
        "subject": "I Want to know payment method",
        "priority": "High",
        "description": "lorem ipsum dollar site emmet.......",
        "status": "close",
        "createAt": "01-20-2022",
        "email": "chris@mail.com"
    }
]