[
  {
    "id": 1,
    "time": 1587041636455,
    "name": "Duran Clayton",
    "designation": "UI/UX Designer",
    "img": "static/img/users/1.png"
  },
  {
    "id": 2,
    "time": 1587041711525,
    "name": "Shane Watson",
    "designation": "UI/UX Designer",
    "img": "static/img/users/2.png"
  },
  {
    "id": 3,
    "time": 1587041758255,
    "name": "Chris Dohan",
    "designation": "UI/UX Designer",
    "img": "static/img/users/3.png"
  },
  {
    "id": 4,
    "time": 1587041856695,
    "name": "Robert Clinton",
    "designation": "UI/UX Designer",
    "img": "static/img/users/4.png"
  },
  {
    "id": 5,
    "time": 1587041880519,
    "name": "Daniel White",
    "designation": "UI/UX Designer",
    "img": "static/img/users/5.png"
  },
  {
    "id": 6,
    "time": 1587041932783,
    "name": "Black Smith",
    "designation": "UI/UX Designer",
    "img": "static/img/users/6.png"
  },
  {
    "id": 7,
    "time": 1587041957926,
    "name": "Duran Clayton",
    "designation": "UI/UX Designer",
    "img": "static/img/users/7.png"
  },
  {
    "id": 8,
    "time": 1587041979566,
    "name": "Duran Clayton",
    "designation": "UI/UX Designer",
    "img": "static/img/users/5.png"
  },
  {
    "id": 9,
    "time": 1587041979566,
    "name": "Duran Clayton",
    "designation": "UI/UX Designer",
    "img": "static/img/users/6.png"
  },
  {
    "id": 10,
    "time": 1587041979566,
    "name": "Duran Clayton",
    "designation": "UI/UX Designer",
    "img": "static/img/users/8.png"
  },
  {
    "id": 11,
    "time": 1587041979566,
    "name": "Duran Clayton",
    "designation": "UI/UX Designer",
    "img": "static/img/users/1.png"
  },
  {
    "id": 12,
    "time": 1587041979566,
    "name": "Duran Clayton",
    "designation": "UI/UX Designer",
    "img": "static/img/users/9.jpg"
  },
  {
    "id": 13,
    "time": 1587041979566,
    "name": "Duran Clayton",
    "designation": "UI/UX Designer",
    "img": "static/img/users/10.png"
  },
  {
    "id": 14,
    "time": 1587041979566,
    "name": "Duran Clayton",
    "designation": "UI/UX Designer",
    "img": "static/img/users/11.png"
  },
  {
    "id": 15,
    "time": 1587041979566,
    "name": "Duran Clayton",
    "designation": "UI/UX Designer",
    "img": "static/img/users/12.png"
  },
  {
    "id": 16,
    "time": 1587041979566,
    "name": "Duran Clayton",
    "designation": "UI/UX Designer",
    "img": "static/img/users/14.jpg"
  }
]
