[
    {
        "title": "Sales",
        "labels": [
            "Jan",
            "Feb",
            "Mar",
            "Apr",
            "May",
            "Jun",
            "July",
            "Aug",
            "Sep",
            "Oct"
        ],
        "data": [
            20,
            38,
            30,
            42,
            38,
            78,
            60,
            65,
            50,
            80
        ],
        "lineColor": "#760DFF",
        "period": "10 Months",
        "total": "8,550",
        "status": "growth",
        "statusRate": "25.36"
    },
    {
        "title": "Orders",
        "labels": [
            "Sat",
            "Sun",
            "Mon",
            "Tue",
            "Wed",
            "Thu",
            "Fri"
        ],
        "data": [
            32,
            20,
            45,
            35,
            58,
            56,
            65
        ],
        "lineColor": "#01B81A",
        "period": "7 Days",
        "total": "950",
        "status": "growth",
        "statusRate": "25.36"
    },
    {
        "title": "Subscribes",
        "labels": [
            "2014",
            "2015",
            "2016",
            "2017",
            "2018",
            "2019",
            "2020",
            "2021"
        ],
        "data": [
            40,
            45,
            38,
            45,
            35,
            65,
            55,
            60
        ],
        "lineColor": "#FA8B0C",
        "period": "8 Years",
        "total": "8,550",
        "status": "down",
        "statusRate": "25.36"
    }
]